{
    "0.0625": [
        0.625,
        0.75,
        0.765625,
        0.546875,
        0.734375
    ],
    "0.125": [
        0.828125,
        0.390625,
        0.71875,
        0.6875,
        0.625
    ],
    "0.1875" : [
        0.515625,
        0.359375,
        0.609375,
        0.234375,
        0.21875
    ],
    "0.25" : [
        0.265625,
        0.40625,
        0.5,
        0.828125,
        0.234375
    ],
    "0.3125" : [
        0.3125,
        0.859375,
        0.4375,
        0.734375,
        0.671875
    ]
}