{
    "0.0625" : [
        0.703125,
        0.625,
        0.546875,
        0.46875,
        0.671875
    ],
    "0.125" : [
        0.78125,
        0.75,
        0.75,
        0.671875,
        0.703125
    ]
}